﻿<?xml version="1.0" encoding="UTF-8"?>
<Tables>
  <Table Name="DrillsHorizontal">
    <Columns>
      <Column Name="ActualToolName" />
      <Column Name="BinaryToolValue" />
      <Column Name="Diameter" />
      <Column Name="DiameterOffset" />
      <Column Name="DrillBitType" />
      <Column Name="EntrySpeed" />
      <Column Name="Face" />
      <Column Name="Face1Offset" />
      <Column Name="Face1ToolName" />
      <Column Name="Face2Offset" />
      <Column Name="Face2ToolName" />
      <Column Name="Face3Offset" />
      <Column Name="Face3ToolName" />
      <Column Name="Face4Offset" />
      <Column Name="Face4ToolName" />
      <Column Name="FeedSpeed" />
      <Column Name="HDrillActualToolDiameter" />
      <Column Name="HDrillBitType" />
      <Column Name="HeightOffset" />
      <Column Name="IsAssociative" />
      <Column Name="LinkID" />
      <Column Name="LinkIDCategory" />
      <Column Name="LinkIDPart" />
      <Column Name="LinkIDWorkOrder" />
      <Column Name="MachineUse" />
      <Column Name="MacroString" />
      <Column Name="MaxX" />
      <Column Name="MaxY" />
      <Column Name="MinX" />
      <Column Name="MinY" />
      <Column Name="Modified" />
      <Column Name="Name" />
      <Column Name="NoDowel" />
      <Column Name="PeckingNumber" />
      <Column Name="ReferenceFace" />
      <Column Name="Rotation" />
      <Column Name="RotationSpeed" />
      <Column Name="Sequence" />
      <Column Name="ToolNumber" />
      <Column Name="ToolPriorityNumber" />
      <Column Name="ToolType" />
      <Column Name="X" />
      <Column Name="Y" />
      <Column Name="Z" />
      <Column Name="ID" />
    </Columns>
  </Table>
  <Table Name="DrillsVertical">
    <Columns>
      <Column Name="ActualToolName" />
      <Column Name="AggregateIndexX" />
      <Column Name="AggregateIndexY" />
      <Column Name="AggregateToolDrillQtyX" />
      <Column Name="AggregateToolDrillQtyY" />
      <Column Name="AggregateToolSpacingX" />
      <Column Name="AggregateToolSpacingY" />
      <Column Name="AllowAggregateToolOverlap" />
      <Column Name="BinaryToolValue" />
      <Column Name="Diameter" />
      <Column Name="DiameterOffset" />
      <Column Name="DrillBitType" />
      <Column Name="EntrySpeed" />
      <Column Name="Face" />
      <Column Name="FeedSpeed" />
      <Column Name="HDrillBitType" />
      <Column Name="HeightOffset" />
      <Column Name="IsAggregateTool" />
      <Column Name="IsAssociative" />
      <Column Name="LinkID" />
      <Column Name="LinkIDCategory" />
      <Column Name="LinkIDParentDrill" />
      <Column Name="LinkIDPart" />
      <Column Name="LinkIDWorkOrder" />
      <Column Name="MachineUse" />
      <Column Name="MacroString" />
      <Column Name="MaximumAggregateRedrills" />
      <Column Name="MaxX" />
      <Column Name="MaxY" />
      <Column Name="MinX" />
      <Column Name="MinY" />
      <Column Name="Modified" />
      <Column Name="Name" />
      <Column Name="PeckingNumber" />
      <Column Name="Rotation" />
      <Column Name="RotationSpeed" />
      <Column Name="Sequence" />
      <Column Name="ToolNumber" />
      <Column Name="ToolPriorityNumber" />
      <Column Name="ToolType" />
      <Column Name="UseRouter" />
      <Column Name="VDrillActualToolDiameter" />
      <Column Name="X" />
      <Column Name="XOffset" />
      <Column Name="Y" />
      <Column Name="YOffset" />
      <Column Name="Z" />
      <Column Name="ID" />
    </Columns>
  </Table>
  <Table Name="Edgebanding">
    <Columns>
      <Column Name="Code" />
      <Column Name="CodeFormula" />
      <Column Name="Comments" />
      <Column Name="CustomSizeAdjustment" />
      <Column Name="EBTokenFromRoute" />
      <Column Name="EBTokenRouteVectors" />
      <Column Name="Face" />
      <Column Name="Grain" />
      <Column Name="GrainFormula" />
      <Column Name="HandlingCode" />
      <Column Name="HandlingCodeFormula" />
      <Column Name="HatchType" />
      <Column Name="InventoryAvailableQty" />
      <Column Name="InventoryCurrentQty" />
      <Column Name="InventoryMinQty" />
      <Column Name="IsFormulaMaterial" />
      <Column Name="LinFt" />
      <Column Name="LinkID" />
      <Column Name="LinkIDBottomFaceRendering" />
      <Column Name="LinkIDCategory" />
      <Column Name="LinkIDCoreRendering" />
      <Column Name="LinkIDDefaultVendor" />
      <Column Name="LinkIDMaterial" />
      <Column Name="LinkIDPart" />
      <Column Name="LinkIDProduct" />
      <Column Name="LinkIDProject" />
      <Column Name="LinkIDSheetSize" />
      <Column Name="LinkIDSubAssembly" />
      <Column Name="LinkIDTopFaceRendering" />
      <Column Name="LinkIDWorkOrder" />
      <Column Name="MarkUp" />
      <Column Name="MarkUpFormula" />
      <Column Name="MaterialCommentsFormula" />
      <Column Name="MaterialFlipSetting" />
      <Column Name="MaterialLaborValue" />
      <Column Name="MaterialLaborValueFormula" />
      <Column Name="MaterialXData1" />
      <Column Name="MaterialXData1Formula" />
      <Column Name="MaterialXData2" />
      <Column Name="MaterialXData2Formula" />
      <Column Name="MaterialXData3" />
      <Column Name="MaterialXData3Formula" />
      <Column Name="Modified" />
      <Column Name="Name" />
      <Column Name="Quantity" />
      <Column Name="Region" />
      <Column Name="SkipSpreadsheetSync" />
      <Column Name="SqFt" />
      <Column Name="Thickness" />
      <Column Name="Type" />
      <Column Name="UnitType" />
      <Column Name="VendorCost" />
      <Column Name="WasteFactor" />
      <Column Name="WasteFactorFormula" />
      <Column Name="ID" />
    </Columns>
  </Table>
  <Table Name="ErrorMessages">
    <Columns>
      <Column Name="LinkID" />
      <Column Name="LinkIDCategory" />
      <Column Name="LinkIDGCodeResult" />
      <Column Name="LinkIDProcessingStation" />
      <Column Name="LinkIDWorkOrder" />
      <Column Name="LinkIDWorkOrderBatch" />
      <Column Name="Modified" />
      <Column Name="Name" />
      <Column Name="Title" />
      <Column Name="Type" />
      <Column Name="ID" />
    </Columns>
  </Table>
  <Table Name="FaceFrameImages">
    <Columns>
      <Column Name="JPegName" />
      <Column Name="JPegStream" />
      <Column Name="LinkID" />
      <Column Name="LinkIDCategory" />
      <Column Name="LinkIDProduct" />
      <Column Name="LinkIDWorkOrder" />
      <Column Name="Modified" />
      <Column Name="Name" />
      <Column Name="TiffName" />
      <Column Name="TiffStream" />
      <Column Name="Type" />
      <Column Name="WMFName" />
      <Column Name="WMFStream" />
      <Column Name="ID" />
    </Columns>
  </Table>
  <Table Name="FaceFrameImagesParts">
    <Columns>
      <Column Name="LinkIDCategory" />
      <Column Name="LinkIDFaceFrameImage" />
      <Column Name="LinkIDPart" />
      <Column Name="LinkIDWorkOrder" />
      <Column Name="Modified" />
      <Column Name="ID" />
    </Columns>
  </Table>
  <Table Name="FaceFrameImagesSubassemblies">
    <Columns>
      <Column Name="LinkIDCategory" />
      <Column Name="LinkIDFaceFrameImage" />
      <Column Name="LinkIDSubassembly" />
      <Column Name="LinkIDWorkOrder" />
      <Column Name="Modified" />
      <Column Name="ID" />
    </Columns>
  </Table>
  <Table Name="Hardware">
    <Columns>
      <Column Name="BasePoint" />
      <Column Name="BasePointX" />
      <Column Name="BasePointY" />
      <Column Name="BasePointZ" />
      <Column Name="Code" />
      <Column Name="CodeFormula" />
      <Column Name="Comments" />
      <Column Name="Comments1" />
      <Column Name="Comments2" />
      <Column Name="Comments3" />
      <Column Name="Depth" />
      <Column Name="Grain" />
      <Column Name="GrainFormula" />
      <Column Name="HandlingCode" />
      <Column Name="HandlingCodeFormula" />
      <Column Name="HatchType" />
      <Column Name="Height" />
      <Column Name="Index" />
      <Column Name="InventoryAvailableQty" />
      <Column Name="InventoryCurrentQty" />
      <Column Name="InventoryMinQty" />
      <Column Name="IsFormulaMaterial" />
      <Column Name="LinkID" />
      <Column Name="LinkIDBottomFaceRendering" />
      <Column Name="LinkIDCategory" />
      <Column Name="LinkIDCoreRendering" />
      <Column Name="LinkIDDefaultVendor" />
      <Column Name="LinkIDEQPart" />
      <Column Name="LinkIDMaterial" />
      <Column Name="LinkIDParentSubAssembly" />
      <Column Name="LinkIDProcessingStations" />
      <Column Name="LinkIDProduct" />
      <Column Name="LinkIDProject" />
      <Column Name="LinkIDSheetSize" />
      <Column Name="LinkIDSubAssembly" />
      <Column Name="LinkIDTopFaceRendering" />
      <Column Name="LinkIDVendor" />
      <Column Name="LinkIDWorkOrder" />
      <Column Name="MarkUp" />
      <Column Name="MarkUpFormula" />
      <Column Name="MaterialCommentsFormula" />
      <Column Name="MaterialFlipSetting" />
      <Column Name="MaterialLaborValue" />
      <Column Name="MaterialLaborValueFormula" />
      <Column Name="MaterialXData1" />
      <Column Name="MaterialXData1Formula" />
      <Column Name="MaterialXData2" />
      <Column Name="MaterialXData2Formula" />
      <Column Name="MaterialXData3" />
      <Column Name="MaterialXData3Formula" />
      <Column Name="Modified" />
      <Column Name="Name" />
      <Column Name="PartType" />
      <Column Name="Quantity" />
      <Column Name="Region" />
      <Column Name="RotationX" />
      <Column Name="RotationY" />
      <Column Name="RotationZ" />
      <Column Name="ScanCode" />
      <Column Name="SkipSpreadsheetSync" />
      <Column Name="Thickness" />
      <Column Name="TotalQuantity" />
      <Column Name="Type" />
      <Column Name="UnitType" />
      <Column Name="VendorCost" />
      <Column Name="WasteFactor" />
      <Column Name="WasteFactorFormula" />
      <Column Name="Width" />
      <Column Name="ID" />
    </Columns>
  </Table>
  <Table Name="HardwareProcessingStations">
    <Columns>
      <Column Name="LinkID" />
      <Column Name="LinkIDBatch" />
      <Column Name="LinkIDCategory" />
      <Column Name="LinkIDHardware" />
      <Column Name="LinkIDProcessingStation" />
      <Column Name="LinkIDWorkOrder" />
      <Column Name="Modified" />
      <Column Name="Name" />
      <Column Name="ID" />
    </Columns>
  </Table>
  <Table Name="MicrovellumSystem">
    <Columns>
      <Column Name="ApplicationVersion" />
      <Column Name="BundleSeed" />
      <Column Name="DefaultMaterialFlipValue" />
      <Column Name="EventLogCount" />
      <Column Name="LinkID" />
      <Column Name="Modified" />
      <Column Name="Name" />
      <Column Name="ScrapIDSeed" />
      <Column Name="ServerQueueLocation" />
      <Column Name="StorageGroupSeed" />
      <Column Name="ID" />
    </Columns>
  </Table>
  <Table Name="OptimizationResultAssociates">
    <Columns>
      <Column Name="Index" />
      <Column Name="LinkIDChild" />
      <Column Name="LinkIDParent" />
      <Column Name="LinkIDWorkOrder" />
      <Column Name="ID" />
    </Columns>
  </Table>
  <Table Name="OptimizationResults">
    <Columns>
      <Column Name="AlreadyPrinted" />
      <Column Name="BorderCoordinatesString" />
      <Column Name="EBBottomRotated" />
      <Column Name="EBLeftRotated" />
      <Column Name="EBRightRotated" />
      <Column Name="EBTopRotated" />
      <Column Name="EdgeBoreBottomRotated" />
      <Column Name="EdgeBoreLeftRotated" />
      <Column Name="EdgeBoreRightRotated" />
      <Column Name="EdgeBoreTopRotated" />
      <Column Name="Face5Barcode" />
      <Column Name="Face5FileName" />
      <Column Name="Face6Barcode" />
      <Column Name="Face6FileName" />
      <Column Name="FullFace6FileName" />
      <Column Name="FullFileName" />
      <Column Name="Index" />
      <Column Name="IsScrap" />
      <Column Name="JPegStream" />
      <Column Name="LabelImageName" />
      <Column Name="LabelRotation" />
      <Column Name="LabelX" />
      <Column Name="LabelY" />
      <Column Name="Length" />
      <Column Name="LinkID" />
      <Column Name="LinkIDChildSheet" />
      <Column Name="LinkIDMaterial" />
      <Column Name="LinkIDPart" />
      <Column Name="LinkidProcessingStation" />
      <Column Name="LinkIDSheet" />
      <Column Name="LinkIDSheetSize" />
      <Column Name="LinkIDStack" />
      <Column Name="LinkIDStrip" />
      <Column Name="LinkIDWorkOrder" />
      <Column Name="LinkIDWorkOrderBatch" />
      <Column Name="MachinePoint" />
      <Column Name="Name" />
      <Column Name="OptimizedQuantity" />
      <Column Name="OptimizerFlipped" />
      <Column Name="OptimizerRotated" />
      <Column Name="OptimizerRotationAngle" />
      <Column Name="PartQtyIndex" />
      <Column Name="PrintFlag" />
      <Column Name="PrintFlags" />
      <Column Name="ScrapName" />
      <Column Name="ScrapType" />
      <Column Name="TiffStream" />
      <Column Name="Type" />
      <Column Name="Width" />
      <Column Name="WMFName" />
      <Column Name="WMFNameFace6" />
      <Column Name="WMFStream" />
      <Column Name="WMFStreamDimensioned" />
      <Column Name="WMFStreamFace6" />
      <Column Name="WMFStreamFace6Dimensioned" />
      <Column Name="XCoord" />
      <Column Name="YCoord" />
      <Column Name="ID" />
    </Columns>
  </Table>
  <Table Name="Parts">
    <Columns>
      <Column Name="AdjustedCutPartLength" />
      <Column Name="AdjustedCutPartWidth" />
      <Column Name="Barcode" />
      <Column Name="BasePoint" />
      <Column Name="BasePointX" />
      <Column Name="BasePointY" />
      <Column Name="BasePointZ" />
      <Column Name="Code" />
      <Column Name="CodeFormula" />
      <Column Name="Comments" />
      <Column Name="Comments1" />
      <Column Name="Comments2" />
      <Column Name="Comments3" />
      <Column Name="CutPartLength" />
      <Column Name="CutPartWidth" />
      <Column Name="DontIncludeRoutesinNestBorder" />
      <Column Name="DrawToken2DElv" />
      <Column Name="DrawToken3D" />
      <Column Name="DXFFileName" />
      <Column Name="EdgeNameBottom" />
      <Column Name="EdgeNameBottomWMF" />
      <Column Name="EdgeNameLeft" />
      <Column Name="EdgeNameLeftWMF" />
      <Column Name="EdgeNameRight" />
      <Column Name="EdgeNameRightWMF" />
      <Column Name="EdgeNameTop" />
      <Column Name="EdgeNameTopWMF" />
      <Column Name="EdgeSequence" />
      <Column Name="Face6Barcode" />
      <Column Name="Face6FileName" />
      <Column Name="FileName" />
      <Column Name="FinishPriority" />
      <Column Name="FullFace6FileName" />
      <Column Name="FullFileName" />
      <Column Name="Grain" />
      <Column Name="GrainFormula" />
      <Column Name="HandlingCode" />
      <Column Name="HandlingCodeFormula" />
      <Column Name="HatchType" />
      <Column Name="HboreBarcodeLeft" />
      <Column Name="HboreBarcodeLower" />
      <Column Name="HboreBarcodeRight" />
      <Column Name="HboreBarcodeUpper" />
      <Column Name="HboreFileNameLeft" />
      <Column Name="HboreFileNameLower" />
      <Column Name="HboreFileNameRight" />
      <Column Name="HboreFileNameUpper" />
      <Column Name="Index" />
      <Column Name="InventoryAvailableQty" />
      <Column Name="InventoryCurrentQty" />
      <Column Name="InventoryMinQty" />
      <Column Name="IrregularShape" />
      <Column Name="IsFormulaMaterial" />
      <Column Name="JPegStream" />
      <Column Name="LabelPosition" />
      <Column Name="Length" />
      <Column Name="LinkID" />
      <Column Name="LinkIDBottomFaceRendering" />
      <Column Name="LinkIDCategory" />
      <Column Name="LinkIDCoreRendering" />
      <Column Name="LinkIDDefaultVendor" />
      <Column Name="LinkIDEQPart" />
      <Column Name="LinkIDMaterial" />
      <Column Name="LinkIDParentSubAssembly" />
      <Column Name="LinkIDProcessingStations" />
      <Column Name="LinkIDProduct" />
      <Column Name="LinkIDProject" />
      <Column Name="LinkIDSheetSize" />
      <Column Name="LinkIDSubAssembly" />
      <Column Name="LinkIDTopFaceRendering" />
      <Column Name="LinkIDVendor" />
      <Column Name="LinkIDWorkOrder" />
      <Column Name="Location1" />
      <Column Name="Location2" />
      <Column Name="MachinePoint" />
      <Column Name="MarkUp" />
      <Column Name="MarkUpFormula" />
      <Column Name="MaterialCode" />
      <Column Name="MaterialComments" />
      <Column Name="MaterialCommentsFormula" />
      <Column Name="MaterialFlipSetting" />
      <Column Name="MaterialLaborValue" />
      <Column Name="MaterialLaborValueFormula" />
      <Column Name="MaterialName" />
      <Column Name="MaterialThickness" />
      <Column Name="MaterialType" />
      <Column Name="MaterialXData1" />
      <Column Name="MaterialXData1Formula" />
      <Column Name="MaterialXData2" />
      <Column Name="MaterialXData2Formula" />
      <Column Name="MaterialXData3" />
      <Column Name="MaterialXData3Formula" />
      <Column Name="Modified" />
      <Column Name="Name" />
      <Column Name="OverProductionQuantity" />
      <Column Name="OverridePartCutLength" />
      <Column Name="OverridePartCutThickness" />
      <Column Name="OverridePartCutWidth" />
      <Column Name="Par1" />
      <Column Name="Par2" />
      <Column Name="Par3" />
      <Column Name="PartType" />
      <Column Name="PerfectGrainCaption" />
      <Column Name="PrintFlag" />
      <Column Name="Quantity" />
      <Column Name="Region" />
      <Column Name="RemoveRoutesOutsideBorder" />
      <Column Name="RotationX" />
      <Column Name="RotationY" />
      <Column Name="RotationZ" />
      <Column Name="Row_ID" />
      <Column Name="RunFieldNameFace5" />
      <Column Name="RunFieldNameFace6" />
      <Column Name="ScanCode" />
      <Column Name="SkipSpreadsheetSync" />
      <Column Name="Thickness" />
      <Column Name="TiffStream" />
      <Column Name="TotalQuantity" />
      <Column Name="Type" />
      <Column Name="UDID" />
      <Column Name="UnderProductionQuantity" />
      <Column Name="UnitType" />
      <Column Name="VendorCost" />
      <Column Name="WasteFactor" />
      <Column Name="WasteFactorFormula" />
      <Column Name="Width" />
      <Column Name="WMFName" />
      <Column Name="WMFNameFace6" />
      <Column Name="WMFStream" />
      <Column Name="WMFStreamDimensioned" />
      <Column Name="WMFStreamFace6" />
      <Column Name="WMFStreamFace6Dimensioned" />
      <Column Name="XD01" />
      <Column Name="XD02" />
      <Column Name="XD03" />
      <Column Name="XD04" />
      <Column Name="XD05" />
      <Column Name="XD06" />
      <Column Name="XD07" />
      <Column Name="XD08" />
      <Column Name="XD09" />
      <Column Name="XD10" />
      <Column Name="XD11" />
      <Column Name="XD12" />
      <Column Name="XD13" />
      <Column Name="XD14" />
      <Column Name="XD15" />
      <Column Name="XD16" />
      <Column Name="XD17" />
      <Column Name="XD18" />
      <Column Name="ID" />
    </Columns>
  </Table>
  <Table Name="PartsProcessingStations">
    <Columns>
      <Column Name="LinkIDPart" />
      <Column Name="LinkIDProcessingStation" />
      <Column Name="LinkIDWorkOrder" />
      <Column Name="ID" />
    </Columns>
  </Table>
  <Table Name="PlacedSheets">
    <Columns>
      <Column Name="BarCode" />
      <Column Name="Code" />
      <Column Name="CodeFormula" />
      <Column Name="Comments" />
      <Column Name="CPOUTName" />
      <Column Name="CPOUTNumber" />
      <Column Name="Face6BarCode" />
      <Column Name="Face6FileName" />
      <Column Name="FileName" />
      <Column Name="FullFace6FileName" />
      <Column Name="FullFileName" />
      <Column Name="Grain" />
      <Column Name="GrainFormula" />
      <Column Name="HandlingCode" />
      <Column Name="HandlingCodeFormula" />
      <Column Name="HatchType" />
      <Column Name="Index" />
      <Column Name="InventoryAvailableQty" />
      <Column Name="InventoryCurrentQty" />
      <Column Name="InventoryMinQty" />
      <Column Name="IsFormulaMaterial" />
      <Column Name="IsGrainContainer" />
      <Column Name="JPegStream" />
      <Column Name="LeadingLengthTrim" />
      <Column Name="LeadingLengthTrimFormula" />
      <Column Name="LeadingWidthTrim" />
      <Column Name="LeadingWidthTrimFormula" />
      <Column Name="Length" />
      <Column Name="LengthFormula" />
      <Column Name="LinkID" />
      <Column Name="LinkIDBottomFaceRendering" />
      <Column Name="LinkIDCategory" />
      <Column Name="LinkIDCoreRendering" />
      <Column Name="LinkIDDefaultVendor" />
      <Column Name="LinkIDMaterial" />
      <Column Name="LinkIDMaterialStorageLocation" />
      <Column Name="LinkIDProcessingStation" />
      <Column Name="LinkIDSheetSize" />
      <Column Name="LinkIDStack" />
      <Column Name="LinkIDSubType" />
      <Column Name="LinkIDTopFaceRendering" />
      <Column Name="LinkIDWorkOrder" />
      <Column Name="LinkIDWorkOrderBatch" />
      <Column Name="MarkUp" />
      <Column Name="MarkUpFormula" />
      <Column Name="MaterialCommentsFormula" />
      <Column Name="MaterialCost" />
      <Column Name="MaterialCostFormula" />
      <Column Name="MaterialFlipSetting" />
      <Column Name="MaterialLaborValue" />
      <Column Name="MaterialLaborValueFormula" />
      <Column Name="MaterialXData1" />
      <Column Name="MaterialXData1Formula" />
      <Column Name="MaterialXData2" />
      <Column Name="MaterialXData2Formula" />
      <Column Name="MaterialXData3" />
      <Column Name="MaterialXData3Formula" />
      <Column Name="Modified" />
      <Column Name="Name" />
      <Column Name="OptimizationPriority" />
      <Column Name="OptimizationPriorityFormula" />
      <Column Name="OptimizationType" />
      <Column Name="QtyFormula" />
      <Column Name="Quantity" />
      <Column Name="Region" />
      <Column Name="SawFileName" />
      <Column Name="Scrap" />
      <Column Name="ScrapType" />
      <Column Name="SkipSpreadsheetSync" />
      <Column Name="SpredsheetColumn" />
      <Column Name="Thickness" />
      <Column Name="TiffStream" />
      <Column Name="TrailingLengthTrim" />
      <Column Name="TrailingLengthTrimFormula" />
      <Column Name="TrailingWidthTrim" />
      <Column Name="TrailingWidthTrimFormula" />
      <Column Name="Type" />
      <Column Name="UnitType" />
      <Column Name="WasteFactor" />
      <Column Name="WasteFactorFormula" />
      <Column Name="WeightedSelectionValue" />
      <Column Name="WeightedSelectionValueFormula" />
      <Column Name="Width" />
      <Column Name="WidthFormula" />
      <Column Name="WMFStream" />
      <Column Name="WMFStreamFace6" />
      <Column Name="Yield" />
      <Column Name="ID" />
    </Columns>
  </Table>
  <Table Name="PlacedSheetsVendors">
    <Columns>
      <Column Name="LinkIDMaterial" />
      <Column Name="LinkIDVendor" />
      <Column Name="LinkIDWorkOrder" />
      <Column Name="ID" />
    </Columns>
  </Table>
  <Table Name="Products">
    <Columns>
      <Column Name="ActivityPath" />
      <Column Name="ActivityPathShort" />
      <Column Name="AncorType" />
      <Column Name="Angle" />
      <Column Name="Comments" />
      <Column Name="Comments1" />
      <Column Name="Comments2" />
      <Column Name="Comments3" />
      <Column Name="CopiedLinkIDList" />
      <Column Name="DateShipped" />
      <Column Name="Depth" />
      <Column Name="DrawIndex" />
      <Column Name="Extruded" />
      <Column Name="Height" />
      <Column Name="IsBuyOut" />
      <Column Name="ItemNumber" />
      <Column Name="JPegName" />
      <Column Name="JPegStream" />
      <Column Name="LinkID" />
      <Column Name="LinkIDCategory" />
      <Column Name="LinkIDLibrary" />
      <Column Name="LinkIDLocation" />
      <Column Name="LinkIDProductGroup" />
      <Column Name="LinkIDProject" />
      <Column Name="LinkIDRelease" />
      <Column Name="LinkIDSpecificationGroup" />
      <Column Name="LinkIDWall" />
      <Column Name="LinkIDWorkOrder" />
      <Column Name="Modified" />
      <Column Name="Name" />
      <Column Name="PerfectGrainChar" />
      <Column Name="PrintFlag" />
      <Column Name="PrintFlags" />
      <Column Name="ProductSpecGroupName" />
      <Column Name="Quantity" />
      <Column Name="QuantityShipped" />
      <Column Name="QuoteName" />
      <Column Name="RoomComponentType" />
      <Column Name="RoomName" />
      <Column Name="Row_ID" />
      <Column Name="ScanCode" />
      <Column Name="ShippingTicketName" />
      <Column Name="TiffName" />
      <Column Name="TiffStream" />
      <Column Name="Type" />
      <Column Name="UITreeFilter" />
      <Column Name="Width" />
      <Column Name="WMFName" />
      <Column Name="WMFStream" />
      <Column Name="WorkBook" />
      <Column Name="WorkOrderName" />
      <Column Name="X" />
      <Column Name="Y" />
      <Column Name="Z" />
      <Column Name="ID" />
    </Columns>
  </Table>
  <Table Name="ProductsPrompts">
    <Columns>
      <Column Name="LinkIDProduct" />
      <Column Name="LinkIDPrompt" />
      <Column Name="LinkIDSubassembly" />
      <Column Name="LinkIDWorkOrder" />
      <Column Name="ID" />
    </Columns>
  </Table>
  <Table Name="Prompts">
    <Columns>
      <Column Name="ControlType" />
      <Column Name="HideOnReports" />
      <Column Name="IsQuantity" />
      <Column Name="LinkID" />
      <Column Name="LinkIDCategory" />
      <Column Name="LinkIDProduct" />
      <Column Name="LinkIDSubassembly" />
      <Column Name="LinkIDWorkOrder" />
      <Column Name="Modified" />
      <Column Name="Name" />
      <Column Name="Type" />
      <Column Name="Value" />
      <Column Name="ID" />
    </Columns>
  </Table>
  <Table Name="Routes">
    <Columns>
      <Column Name="ActualToolName" />
      <Column Name="Aggregate" />
      <Column Name="AngleDepth" />
      <Column Name="BinaryToolValue" />
      <Column Name="CenterX" />
      <Column Name="CenterY" />
      <Column Name="Diameter" />
      <Column Name="DiameterOffset" />
      <Column Name="DontDrawLead" />
      <Column Name="DontDrawLeadOut" />
      <Column Name="DoublePass" />
      <Column Name="EndOffsetX" />
      <Column Name="EndOffsetY" />
      <Column Name="EntrySpeed" />
      <Column Name="Face" />
      <Column Name="FeedSpeed" />
      <Column Name="FirstVector" />
      <Column Name="HardwareZ" />
      <Column Name="HDrillBitType" />
      <Column Name="HeightOffset" />
      <Column Name="IncludeInBorderSkip" />
      <Column Name="IntersX" />
      <Column Name="IntersY" />
      <Column Name="IsAssociative" />
      <Column Name="IsLastPass" />
      <Column Name="IsMultiRoute" />
      <Column Name="IsPocketRouter" />
      <Column Name="IsRegion" />
      <Column Name="IsSteppedRoute" />
      <Column Name="LastVector" />
      <Column Name="LayerDepth" />
      <Column Name="LayerOffset" />
      <Column Name="LinkID" />
      <Column Name="LinkIDCategory" />
      <Column Name="LinkIDPart" />
      <Column Name="LinkIDWorkOrder" />
      <Column Name="MachineUse" />
      <Column Name="MacroString" />
      <Column Name="MaxDepthPerPass" />
      <Column Name="MaxX" />
      <Column Name="MaxY" />
      <Column Name="MinX" />
      <Column Name="MinY" />
      <Column Name="Modified" />
      <Column Name="Name" />
      <Column Name="Offset" />
      <Column Name="PassNumber900Tool" />
      <Column Name="PeckingNumber" />
      <Column Name="Rotation" />
      <Column Name="RotationAngle" />
      <Column Name="RotationSpeed" />
      <Column Name="RouteAngle" />
      <Column Name="RouteNum" />
      <Column Name="Sequence" />
      <Column Name="SetMillBulge" />
      <Column Name="SetMillBulgeDirection" />
      <Column Name="shiftX" />
      <Column Name="shiftY" />
      <Column Name="StartOffsetX" />
      <Column Name="StartOffsetY" />
      <Column Name="Steps" />
      <Column Name="ToolNumber" />
      <Column Name="ToolPriorityNumber" />
      <Column Name="ToolProfile" />
      <Column Name="ToolType" />
      <Column Name="TotalRouteLength" />
      <Column Name="UseRouter" />
      <Column Name="X" />
      <Column Name="XOffset" />
      <Column Name="Y" />
      <Column Name="YOffset" />
      <Column Name="Z" />
      <Column Name="ID" />
    </Columns>
  </Table>
  <Table Name="SawCutLines">
    <Columns>
      <Column Name="EndX" />
      <Column Name="EndY" />
      <Column Name="LinkID" />
      <Column Name="LinkIDParent" />
      <Column Name="LinkIDPart" />
      <Column Name="LinkIDPlacedSheet" />
      <Column Name="LinkIDWorkOrder" />
      <Column Name="LinkIDWorkOrderBatch" />
      <Column Name="OffsetLeading" />
      <Column Name="OffsetTrailing" />
      <Column Name="Phase" />
      <Column Name="StartX" />
      <Column Name="StartY" />
      <Column Name="ID" />
    </Columns>
  </Table>
  <Table Name="Saws">
    <Columns>
      <Column Name="ActualToolName" />
      <Column Name="BinaryToolValue" />
      <Column Name="Diameter" />
      <Column Name="DiameterOffset" />
      <Column Name="EndX" />
      <Column Name="EndY" />
      <Column Name="EndZ" />
      <Column Name="EntrySpeed" />
      <Column Name="Face" />
      <Column Name="FeedSpeed" />
      <Column Name="HDrillBitType" />
      <Column Name="HeightOffset" />
      <Column Name="IsAssociative" />
      <Column Name="LayerDepth" />
      <Column Name="LayerOffset" />
      <Column Name="LinkID" />
      <Column Name="LinkIDCategory" />
      <Column Name="LinkIDPart" />
      <Column Name="LinkIDWorkOrder" />
      <Column Name="MachineUse" />
      <Column Name="MacroString" />
      <Column Name="MaxX" />
      <Column Name="MaxY" />
      <Column Name="MinX" />
      <Column Name="MinY" />
      <Column Name="Modified" />
      <Column Name="Name" />
      <Column Name="Offset" />
      <Column Name="Rotation" />
      <Column Name="RotationSpeed" />
      <Column Name="SawActualToolDiameter" />
      <Column Name="Sequence" />
      <Column Name="ToolNumber" />
      <Column Name="ToolPriorityNumber" />
      <Column Name="ToolType" />
      <Column Name="UseRouter" />
      <Column Name="X" />
      <Column Name="Y" />
      <Column Name="Z" />
      <Column Name="ID" />
    </Columns>
  </Table>
  <Table Name="SawStacks">
    <Columns>
      <Column Name="LinkID" />
      <Column Name="LinkIDCategory" />
      <Column Name="LinkidProcessingStation" />
      <Column Name="LinkIDWorkOrder" />
      <Column Name="LinkIDWorkOrderBatch" />
      <Column Name="MaterialName" />
      <Column Name="Modified" />
      <Column Name="Name" />
      <Column Name="StackHeight" />
      <Column Name="ID" />
    </Columns>
  </Table>
  <Table Name="Sheets">
    <Columns>
      <Column Name="Code" />
      <Column Name="CodeFormula" />
      <Column Name="Comments" />
      <Column Name="Grain" />
      <Column Name="GrainFormula" />
      <Column Name="HandlingCode" />
      <Column Name="HandlingCodeFormula" />
      <Column Name="HatchType" />
      <Column Name="Index" />
      <Column Name="InventoryAvailableQty" />
      <Column Name="InventoryCurrentQty" />
      <Column Name="InventoryMinQty" />
      <Column Name="IsFormulaMaterial" />
      <Column Name="LeadingLengthTrim" />
      <Column Name="LeadingLengthTrimFormula" />
      <Column Name="LeadingWidthTrim" />
      <Column Name="LeadingWidthTrimFormula" />
      <Column Name="Length" />
      <Column Name="LengthFormula" />
      <Column Name="LinkID" />
      <Column Name="LinkIDBottomFaceRendering" />
      <Column Name="LinkIDCategory" />
      <Column Name="LinkIDCoreRendering" />
      <Column Name="LinkIDDefaultVendor" />
      <Column Name="LinkIDMaterial" />
      <Column Name="LinkIDMaterialStorageLocation" />
      <Column Name="LinkIDProcessingStation" />
      <Column Name="LinkIDSheetSize" />
      <Column Name="LinkIDStack" />
      <Column Name="LinkIDSubType" />
      <Column Name="LinkIDTopFaceRendering" />
      <Column Name="LinkIDWorkOrder" />
      <Column Name="LinkIDWorkOrderBatch" />
      <Column Name="MarkUp" />
      <Column Name="MarkUpFormula" />
      <Column Name="MaterialCommentsFormula" />
      <Column Name="MaterialCost" />
      <Column Name="MaterialCostFormula" />
      <Column Name="MaterialEstimateCost" />
      <Column Name="MaterialFlipSetting" />
      <Column Name="MaterialLaborValue" />
      <Column Name="MaterialLaborValueFormula" />
      <Column Name="MaterialXData1" />
      <Column Name="MaterialXData1Formula" />
      <Column Name="MaterialXData2" />
      <Column Name="MaterialXData2Formula" />
      <Column Name="MaterialXData3" />
      <Column Name="MaterialXData3Formula" />
      <Column Name="Modified" />
      <Column Name="Name" />
      <Column Name="NumplacedParts" />
      <Column Name="NumStrips" />
      <Column Name="OptimizationPriority" />
      <Column Name="OptimizationPriorityFormula" />
      <Column Name="Pattern" />
      <Column Name="Picture" />
      <Column Name="PrintFlag" />
      <Column Name="QtyFormula" />
      <Column Name="Quantity" />
      <Column Name="Region" />
      <Column Name="ScrapType" />
      <Column Name="SkipSpreadsheetSync" />
      <Column Name="SpredsheetColumn" />
      <Column Name="Thickness" />
      <Column Name="TrailingLengthTrim" />
      <Column Name="TrailingLengthTrimFormula" />
      <Column Name="TrailingWidthTrim" />
      <Column Name="TrailingWidthTrimFormula" />
      <Column Name="Type" />
      <Column Name="UnitType" />
      <Column Name="WasteFactor" />
      <Column Name="WasteFactorFormula" />
      <Column Name="WeightedSelectionValue" />
      <Column Name="WeightedSelectionValueFormula" />
      <Column Name="Width" />
      <Column Name="WidthFormula" />
      <Column Name="ID" />
    </Columns>
  </Table>
  <Table Name="Subassemblies">
    <Columns>
      <Column Name="ActivityPath" />
      <Column Name="ActivityPathShort" />
      <Column Name="Angle" />
      <Column Name="BayPosition" />
      <Column Name="Comments" />
      <Column Name="Comments1" />
      <Column Name="Comments2" />
      <Column Name="Comments3" />
      <Column Name="ContainsSubassemblies" />
      <Column Name="Depth" />
      <Column Name="DrawIndex" />
      <Column Name="Height" />
      <Column Name="IsBuyOut" />
      <Column Name="JPegName" />
      <Column Name="JPegStream" />
      <Column Name="LinkID" />
      <Column Name="LinkIDCategory" />
      <Column Name="LinkIDLibrary" />
      <Column Name="LinkIDParentProduct" />
      <Column Name="LinkIDParentSubassembly" />
      <Column Name="LinkIDProject" />
      <Column Name="LinkIDWorkOrder" />
      <Column Name="Modified" />
      <Column Name="ModifiedRowID" />
      <Column Name="Name" />
      <Column Name="PerfectGrainCaption" />
      <Column Name="Quantity" />
      <Column Name="ScanCode" />
      <Column Name="TiffName" />
      <Column Name="TiffStream" />
      <Column Name="Type" />
      <Column Name="Width" />
      <Column Name="WMFName" />
      <Column Name="WMFStream" />
      <Column Name="WorkBook" />
      <Column Name="X" />
      <Column Name="Y" />
      <Column Name="Z" />
      <Column Name="ID" />
    </Columns>
  </Table>
  <Table Name="Vectors">
    <Columns>
      <Column Name="ActualToolName" />
      <Column Name="BinaryToolValue" />
      <Column Name="Bulge" />
      <Column Name="BulgeDirection" />
      <Column Name="CenterX" />
      <Column Name="CenterY" />
      <Column Name="Diameter" />
      <Column Name="DiameterOffset" />
      <Column Name="EntrySpeed" />
      <Column Name="Face" />
      <Column Name="FeedSpeed" />
      <Column Name="HDrillBitType" />
      <Column Name="HeightOffset" />
      <Column Name="IsAssociative" />
      <Column Name="LinkID" />
      <Column Name="LinkIDCategory" />
      <Column Name="LinkIDPart" />
      <Column Name="LinkIDRoute" />
      <Column Name="LinkIDWorkOrder" />
      <Column Name="MachineUse" />
      <Column Name="MacroString" />
      <Column Name="MaxX" />
      <Column Name="MaxY" />
      <Column Name="MinX" />
      <Column Name="MinY" />
      <Column Name="Modified" />
      <Column Name="Name" />
      <Column Name="Radius" />
      <Column Name="Rotation" />
      <Column Name="RotationSpeed" />
      <Column Name="Sequence" />
      <Column Name="ToolNumber" />
      <Column Name="ToolPriorityNumber" />
      <Column Name="ToolType" />
      <Column Name="VectorIndex" />
      <Column Name="X" />
      <Column Name="Y" />
      <Column Name="Z" />
      <Column Name="ID" />
    </Columns>
  </Table>
  <Table Name="WorkOrderBatches">
    <Columns>
      <Column Name="DateCreated" />
      <Column Name="LinkID" />
      <Column Name="LinkIDWorkOrder" />
      <Column Name="Name" />
      <Column Name="ID" />
    </Columns>
  </Table>
</Tables>